study,config,model,n_features,train_rows,accuracy,precision,recall,f1,roc_auc,fit_seconds
feature_group,all_features,random_forest,47,811595,0.8945,0.92216,0.86174,0.89093,0.9689,287.1
feature_group,all_features,xgboost,47,811595,0.89804,0.93448,0.8561,0.89358,0.97241,32.6
feature_group,only_lexical,random_forest,20,811595,0.84978,0.88434,0.80482,0.84271,0.94162,130.8
feature_group,only_lexical,xgboost,20,811595,0.85002,0.88533,0.8042,0.84282,0.94293,35.3
feature_group,only_structural,random_forest,13,811595,0.77282,0.73362,0.85672,0.79041,0.83608,48.8
feature_group,only_structural,xgboost,13,811595,0.76632,0.73247,0.83912,0.78218,0.8299,33.8
feature_group,only_suspicion,random_forest,14,811595,0.85582,0.90041,0.80014,0.84732,0.94415,105.6
feature_group,only_suspicion,xgboost,14,811595,0.85239,0.91371,0.77828,0.84058,0.94243,40.0
feature_group,without_lexical,random_forest,27,811595,0.8848,0.91532,0.84806,0.88041,0.96408,139.9
feature_group,without_lexical,xgboost,27,811595,0.88437,0.92368,0.83798,0.87874,0.96498,45.6
feature_group,without_structural,random_forest,34,811595,0.89283,0.92031,0.86014,0.88921,0.96812,219.6
feature_group,without_structural,xgboost,34,811595,0.89629,0.93298,0.85392,0.8917,0.97143,49.6
feature_group,without_suspicion,random_forest,33,811595,0.85307,0.88708,0.80914,0.84632,0.94448,202.4
feature_group,without_suspicion,xgboost,33,811595,0.85296,0.88937,0.8062,0.84575,0.94557,32.9
training_size,10pct,random_forest,47,81159,0.87527,0.89894,0.8456,0.87146,0.9564,17.4
training_size,10pct,xgboost,47,81159,0.88452,0.92125,0.84092,0.87926,0.96458,10.9
training_size,25pct,random_forest,47,202898,0.88356,0.90764,0.85402,0.88002,0.96178,53.1
training_size,25pct,xgboost,47,202898,0.89145,0.92919,0.84748,0.88646,0.96864,28.5
training_size,50pct,random_forest,47,405797,0.8894,0.91563,0.85784,0.8858,0.96555,137.0
training_size,50pct,xgboost,47,405797,0.89485,0.93156,0.85232,0.89018,0.97071,34.8
training_size,100pct,random_forest,47,811595,0.8945,0.92216,0.86174,0.89093,0.9689,292.7
training_size,100pct,xgboost,47,811595,0.89804,0.93448,0.8561,0.89358,0.97241,49.0
split_strategy,domain_disjoint,random_forest,47,868765,0.84198,0.84808,0.83322,0.84058,0.92036,290.0
split_strategy,domain_disjoint,xgboost,47,868765,0.85312,0.86848,0.83228,0.84999,0.9298,48.0
