feature,random_forest,xgboost
url_length,0.020956,0.003886
hostname_length,0.026841,0.006503
path_length,0.032515,0.012223
query_length,0.005525,0.007865
num_digits,0.025301,0.013478
num_letters,0.020207,0.003849
num_special_chars,0.017062,0.010163
num_dots,0.019036,0.015112
num_hyphens,0.015081,0.011608
num_slashes,0.016499,0.010857
num_subdomains,0.005224,0.009842
num_dots_in_domain,0.007411,0.009186
has_at_symbol,0.002233,0.035458
has_hyphen_in_domain,0.003367,0.006694
tld_length,0.021847,0.019583
host_digit_count,0.032385,0.040575
host_hyphen_count,0.012365,0.027546
num_host_tokens,0.00732,0.010971
longest_host_token,0.032239,0.00745
subdomain_length,0.030054,0.012564
uses_https,0.0,0.0
has_port,8.6e-05,0.008277
has_ip_host,1.8e-05,0.010618
num_path_segments,0.01433,0.006791
longest_path_segment,0.056352,0.016244
num_query_params,0.004503,0.015466
has_fragment,0.000106,0.003257
has_userinfo,1e-06,0.001424
has_double_slash_redirect,0.000254,0.022555
path_to_url_ratio,0.092083,0.023325
has_file_extension,0.004902,0.008479
has_executable_extension,0.002486,0.045348
num_encoded_chars,0.002058,0.006354
is_shortener,0.000544,0.026823
num_suspicious_keywords,0.076448,0.160973
has_suspicious_tld,0.009061,0.156672
brand_domain_mismatch,0.023079,0.094556
digit_letter_ratio,0.017813,0.005291
domain_entropy,0.047934,0.004033
url_entropy,0.04989,0.003971
longest_consecutive_run,0.01057,0.003625
has_punycode,4.3e-05,0.003813
vowel_ratio_domain,0.048465,0.006201
is_free_hosting,0.003352,0.020381
tld_rank,0.158234,0.050953
has_hex_token,0.001955,0.011267
longest_consonant_run,0.021962,0.007889
